{
    "name": "PAMPA",
    "symbol": "PAMPA",
    "address": "6bCkmeGUtjdDNCdCmds5XvAcDm5XffYnJQNGjE3z",
    "decimals": 6,
    "logoURI": "https://raw.githubusercontent.com/[your-github-username]/pampa-token-list/main/assets/logo.png",
    "tags": [
        "memecoin",
        "pumpfun",
        "solana"
    ],
    "extensions": {
        "website": "",
        "twitter": "",
        "description": "PAMPA is a next-gen meme token built for early adopters and trend hunters. With its viral nature and strong community focus, PAMPA offers massive upside potential for those who catch the wave early."
    }
}